{
  "cot_llama_quick200_rerun.formatted.json": {
    "citation_recall": 47.47797619047619,
    "citation_precision": 45.18015873015874
  }
}